{"epoch": 90, "loss": 0.014181356877088547, "acc1": 78.35, "acc5": 98.53, "_timestamp": 1701953961.8933568, "_runtime": 16510.632786750793, "_step": 89, "_wandb": {"runtime": 16512}}