{"epoch": 90, "loss": 0.019710475578904152, "acc1": 70.52, "acc5": 97.22, "_timestamp": 1701960520.2845716, "_runtime": 23791.520453691483, "_step": 89, "_wandb": {"runtime": 23793}}